hex_id,center_lat,center_long,dow,time_interval,weight,neighbours
892a1008803ffff,40.79782296,-73.97475204,0,0:00:00,1,{'892a100880bffff': '892a100880fffff': '892a1008813ffff': '892a1008807ffff': '892a1008803ffff': '892a1008817ffff': '892a100881bffff'}
892a1008803ffff,40.79782296,-73.97475204,0,1:00:00,1,{'892a100880bffff': '892a100880fffff': '892a1008813ffff': '892a1008807ffff': '892a1008803ffff': '892a1008817ffff': '892a100881bffff'}
892a1008803ffff,40.79782296,-73.97475204,0,1:10:00,1,{'892a100880bffff': '892a100880fffff': '892a1008813ffff': '892a1008807ffff': '892a1008803ffff': '892a1008817ffff': '892a100881bffff'}
892a1008803ffff,40.79782296,-73.97475204,0,4:30:00,1,{'892a100880bffff': '892a100880fffff': '892a1008813ffff': '892a1008807ffff': '892a1008803ffff': '892a1008817ffff': '892a100881bffff'}
892a1008803ffff,40.79782296,-73.97475204,0,6:45:00,1,{'892a100880bffff': '892a100880fffff': '892a1008813ffff': '892a1008807ffff': '892a1008803ffff': '892a1008817ffff': '892a100881bffff'}
892a1008803ffff,40.79782296,-73.97475204,0,8:10:00,1,{'892a100880bffff': '892a100880fffff': '892a1008813ffff': '892a1008807ffff': '892a1008803ffff': '892a1008817ffff': '892a100881bffff'}
892a1008803ffff,40.79782296,-73.97475204,0,9:05:00,1,{'892a100880bffff': '892a100880fffff': '892a1008813ffff': '892a1008807ffff': '892a1008803ffff': '892a1008817ffff': '892a100881bffff'}
892a1008803ffff,40.79782296,-73.97475204,0,9:10:00,1,{'892a100880bffff': '892a100880fffff': '892a1008813ffff': '892a1008807ffff': '892a1008803ffff': '892a1008817ffff': '892a100881bffff'}
892a1008803ffff,40.79782296,-73.97475204,0,10:25:00,1,{'892a100880bffff': '892a100880fffff': '892a1008813ffff': '892a1008807ffff': '892a1008803ffff': '892a1008817ffff': '892a100881bffff'}